,job,company,ssn,residence,current_location,blood_group,website,username,name,sex,address,mail,birthdate
0,Manufacturing systems engineer,Silva Group,358-34-8897,"4808 Parker Grove Suite 460
South Hailey, IA 92366","(Decimal('-80.159576'), Decimal('30.314223'))",B+,"['https://www.mcgee-vega.info/', 'https://www.wilson-short.com/', 'http://hale.com/']",vfarley,Lisa Ward,F,"01713 King Pike
Cathyshire, AL 73924",campbellsusan@hotmail.com,1959-01-06
1,Interior and spatial designer,Winters-Castro,279-23-4007,"052 Manning Brook
West Candice, CO 86679","(Decimal('-78.2979315'), Decimal('143.655456'))",O-,['https://kelley-woods.biz/'],dale73,Ryan Page,M,"531 James Street Apt. 625
North Malikborough, WI 81923",stephaniegallegos@gmail.com,1961-07-27
2,Learning mentor,Coleman Inc,461-76-5846,"1478 Barbara Cove Suite 283
Deborahmouth, MD 89353","(Decimal('52.664164'), Decimal('-122.576457'))",O+,"['http://www.smith.net/', 'http://www.sanders-ramsey.org/', 'https://www.powell.biz/']",smithjulian,Alexander Lewis,M,"0173 Anna Fall
Donnaborough, PA 91872",riveratamara@yahoo.com,1952-11-19
3,Hydrogeologist,Fox and Sons,092-97-2965,"713 Evelyn Fields Apt. 369
Charlesborough, OK 39807","(Decimal('19.0388455'), Decimal('154.590294'))",AB+,"['http://www.holmes.com/', 'https://www.carroll.net/', 'https://keller-lindsey.com/', 'https://price.com/']",warrenjared,Abigail Gonzalez,F,"86803 Michael Loaf Suite 397
Johnfort, WA 21808",ccarey@gmail.com,2016-07-06
4,Media planner,"Mack, Martinez and Edwards",142-01-6262,"4011 Stephen Coves Suite 616
West Nathan, AZ 86758","(Decimal('50.3600105'), Decimal('112.563246'))",AB-,"['https://lewis.info/', 'https://www.fields.net/', 'http://www.lee-lynch.com/', 'http://martin-singh.com/']",cbates,Joshua Webb,M,"78620 Riley Ridge
Perezton, VA 13129",ewells@gmail.com,2010-05-18
5,Aid worker,Arnold-Tanner,396-25-7476,"2860 Henson Mission
West Ashleyport, OK 21600","(Decimal('-64.667770'), Decimal('111.746316'))",B-,"['https://wilson.com/', 'http://www.ortiz.org/']",caitlin17,Jessica Farley,F,"105 Ford Spring
South Lori, NM 54641",antonioholt@yahoo.com,1933-08-25
6,"Research officer, government",Jones-Williams,849-32-9929,"232 Kim Row
New Stacey, MO 37924","(Decimal('83.3072865'), Decimal('20.427744'))",A+,"['https://www.ford-buchanan.com/', 'https://wilson.net/', 'http://cordova-bryant.com/', 'http://nelson.com/']",matthew44,Mr. Samuel Taylor,M,"89423 Richard Branch
Kristenshire, CA 72481",susan89@gmail.com,1913-03-11
7,Estate manager/land agent,"Hampton, Porter and Sullivan",766-10-2890,"89718 Lindsay Crest Suite 949
Brownfurt, NC 72830","(Decimal('61.401643'), Decimal('27.253292'))",AB+,"['https://wilson.com/', 'http://www.hill.info/', 'http://webster.com/', 'https://www.willis.net/']",trevorrodriguez,Kelly Abbott,F,"246 Acevedo Glen
Port Nicholaston, NM 58700",gshepherd@yahoo.com,1990-06-14
8,"Programme researcher, broadcasting/film/video",Bush-Burke,704-26-2191,"133 Richard Meadow
North Amy, NY 15585","(Decimal('-60.7413275'), Decimal('6.327116'))",A-,"['http://rodgers.com/', 'https://marshall.com/']",wernertroy,Michael Ruiz,M,"0638 Brooks Ville Apt. 041
East Rebecca, DE 35179",marcusparks@hotmail.com,2012-01-13
9,Product/process development scientist,Gentry Inc,501-16-0044,"5176 Victoria Road Apt. 453
West Michaelview, TX 88899","(Decimal('66.9139795'), Decimal('-176.407063'))",A+,['http://www.huynh.org/'],jonathan04,Keith Sparks,M,"0853 Vazquez Avenue Apt. 424
Port Mauricefort, UT 59025",lunakendra@hotmail.com,1938-11-28
10,Archivist,Williams-Baldwin,526-97-0146,"710 Amy Pines
Davidport, DE 88730","(Decimal('86.2579725'), Decimal('-61.770375'))",O-,"['http://schneider.com/', 'https://www.park-rodriguez.com/', 'http://www.alvarez.com/', 'https://www.williams.biz/']",tracy77,Keith Thompson,M,"5925 Brian Valley Suite 835
East Katieside, IN 55600",karenwalker@hotmail.com,1932-02-14
11,Housing manager/officer,Conrad-Mendoza,172-65-3988,"54325 Laurie Bridge
Wintersside, WY 82595","(Decimal('29.4447535'), Decimal('137.521999'))",A-,"['http://wilson.com/', 'http://www.pittman.com/', 'http://johnston.com/']",whitneypatricia,Elizabeth Webb,F,"72289 James Glens Apt. 578
Garnerstad, MS 15756",wcarr@hotmail.com,1969-05-16
12,"Pharmacist, hospital",Williams-Wright,372-48-7727,"1263 Payne Falls Suite 429
Castanedaborough, WY 84830","(Decimal('20.522958'), Decimal('63.332843'))",B+,"['https://steele.com/', 'https://ingram.info/', 'http://www.torres-hunt.com/', 'http://www.evans.com/']",danielhardy,Joyce Dickson,F,"24832 Irwin Neck
East Daniel, OH 74256",coxhelen@yahoo.com,2021-05-16
13,"Research officer, political party",Rodriguez-Garcia,676-65-9448,"63090 Gutierrez Knolls
South Christy, LA 39930","(Decimal('44.293389'), Decimal('1.878230'))",O+,"['https://www.smith-brewer.org/', 'https://www.suarez.com/', 'http://www.smith.net/']",awalton,Bob Taylor,M,"4694 Samuel Center
Watsonview, MS 17553",wcastaneda@yahoo.com,2010-06-14
14,"Programme researcher, broadcasting/film/video",Sheppard Group,487-42-1186,"457 Nicole Road
North David, RI 43814","(Decimal('-42.138784'), Decimal('134.758735'))",AB-,['http://grimes.com/'],kpham,Heather Johnson,F,"3301 Hancock Via Suite 966
Allisonchester, WY 36158",tmitchell@yahoo.com,2022-01-16
15,Garment/textile technologist,"King, Ochoa and King",424-19-6234,"421 Thomas Forest Apt. 863
Nicholehaven, TX 76348","(Decimal('4.9412965'), Decimal('-39.395390'))",B-,"['http://www.nelson-jacobson.com/', 'http://howard-booker.com/']",cole86,Lori Waters,F,"90389 Christopher Path
Josetown, DC 59848",kara37@gmail.com,1986-11-25
16,"Radiographer, diagnostic",Luna-Patton,164-82-9898,"06016 Lee Trafficway Suite 756
West Edward, GA 83576","(Decimal('-20.459462'), Decimal('111.511418'))",AB-,"['http://bridges.com/', 'https://cain.net/', 'http://www.santiago-matthews.com/', 'https://www.alvarez.com/']",stephanieholmes,Alexander Thompson,M,"429 John Ferry
New Waltertown, DE 72579",uflores@hotmail.com,2006-05-25
17,Editorial assistant,Ford-Yang,322-45-4142,"391 Kline Cliff Suite 227
Cynthiaside, ME 83275","(Decimal('-64.0262585'), Decimal('116.637141'))",O-,"['http://marquez.net/', 'http://www.donaldson-ramsey.org/', 'http://cole.com/']",vprice,Adam Anderson,M,"077 John Prairie Apt. 628
Lindaville, GA 49194",kayla17@hotmail.com,1932-02-28
18,Production manager,"Wells, Sexton and Morrison",468-70-4964,"Unit 7617 Box 2676
DPO AA 50397","(Decimal('-38.0543055'), Decimal('90.057088'))",A+,"['https://www.garcia.com/', 'https://www.pratt.com/']",amandacoleman,Samantha Turner,F,"2692 Nunez Stream
Port Patricia, NH 07996",barbara24@hotmail.com,1966-09-30
19,Comptroller,Ryan Group,439-61-6720,"USNV Taylor
FPO AP 01590","(Decimal('57.0248755'), Decimal('104.023741'))",B-,"['http://www.crawford.com/', 'http://curtis.org/']",westpatricia,Amanda Miller,F,"0878 Nicholas Underpass Suite 851
Cainport, NE 04876",valeriejohnson@hotmail.com,1929-07-20
20,"Research officer, trade union","Payne, Myers and Wright",116-73-6615,"0084 Jenkins Keys
Barbaraton, MO 89221","(Decimal('23.840501'), Decimal('-170.178221'))",O+,"['https://www.stewart.com/', 'http://www.williams.info/']",miguel07,Scott Torres,M,"325 Torres Roads Suite 454
Jonathanchester, CA 81758",jonathannewman@yahoo.com,1995-04-03
21,Company secretary,Franco and Sons,711-80-2883,"181 Jones Skyway
Bethshire, GA 32018","(Decimal('78.285707'), Decimal('47.194332'))",AB+,"['http://smith-watson.com/', 'http://huffman.biz/', 'http://buckley-maldonado.net/', 'https://daniel-anderson.com/']",spencersusan,Jack Rocha,M,"5415 Dawn Run Apt. 631
Timothyfurt, DC 65037",rmorris@hotmail.com,1950-06-17
22,Radiation protection practitioner,Orr-Salinas,444-93-1128,"Unit 5375 Box 1575
DPO AE 96032","(Decimal('60.1595135'), Decimal('-128.530094'))",O+,['http://www.jones-choi.info/'],ortegajohn,Michelle Smith,F,"93155 David Route
Oconnellview, AZ 98088",lwright@hotmail.com,1918-11-30
23,Housing manager/officer,Wilkerson-Bowen,210-72-6446,"0264 Chung Loop Suite 281
Vasquezchester, ND 95063","(Decimal('13.1630105'), Decimal('71.594181'))",AB-,['https://reyes.com/'],gsmith,Jennifer Cox,F,"8170 Sheri Parks Apt. 959
North Helen, CO 70762",brandoncline@gmail.com,1928-03-06
24,Hotel manager,Crawford Ltd,463-88-1344,"69564 Cervantes Extensions
Kendrastad, MS 47534","(Decimal('-78.7535635'), Decimal('68.797589'))",A-,"['https://www.walters-hernandez.com/', 'http://leonard.com/', 'https://www.pena-kelley.com/', 'https://www.stewart.biz/']",kelly86,Justin Johnson,M,"1759 William Village Suite 969
Lake Beth, IN 03859",knunez@hotmail.com,1968-09-15
25,Adult nurse,"Cross, Garcia and Coleman",147-26-6018,"7368 Melissa Haven Suite 823
Browningside, VA 62188","(Decimal('-63.601545'), Decimal('112.714790'))",O+,"['https://www.obrien-soto.com/', 'https://www.mcbride.info/', 'https://www.hernandez.com/']",gregoryalvarado,Sarah Morgan,F,"26718 Ferguson Freeway
Lake Cheryl, WV 71358",hudsonjohn@hotmail.com,1927-06-25
26,Data scientist,Burke-Bell,337-72-2243,"5525 Valerie View
Lake Joshua, WV 80028","(Decimal('15.165205'), Decimal('-159.640567'))",B+,"['http://www.cortez.com/', 'https://diaz.com/', 'https://ruiz.com/', 'https://miller-perry.info/']",mfoster,Caitlin Daniels,F,"5330 Campbell Loop
Lake Jamesport, HI 79854",owenspatricia@yahoo.com,1956-03-10
27,"Engineer, structural",Harris and Sons,723-79-8595,"25189 Angela Falls Suite 358
Terrishire, ME 60497","(Decimal('1.8333625'), Decimal('128.921414'))",B+,"['https://www.santiago.org/', 'https://johnson.info/', 'http://www.flores-moore.com/']",brian62,Michael Davis,M,"531 Douglas Ports
North Stephen, SD 30894",lesliehicks@gmail.com,2014-12-21
28,Chief Executive Officer,Edwards-Wright,649-60-0686,"83241 Moore Canyon
New Theresamouth, MD 23232","(Decimal('-77.5633325'), Decimal('43.976359'))",O-,"['http://taylor-thompson.net/', 'http://www.hall.com/', 'http://reed-sanchez.net/']",michaeljordan,Ms. Jennifer Elliott,F,"61744 Richardson Flat Apt. 426
South Kerryborough, VT 14769",lmooney@hotmail.com,2016-12-16
29,Music tutor,Hurst PLC,079-55-5455,"90436 Patrick Parkways
Bartlettbury, NM 48158","(Decimal('26.732564'), Decimal('-168.546575'))",AB-,['https://hamilton.info/'],eferguson,Deanna Collier,F,"PSC 5483, Box 3306
APO AE 52649",stevenserrano@hotmail.com,1934-10-12
30,Hydrologist,"Delgado, Perez and Andersen",570-08-4721,"0885 Monique Underpass
Weavershire, NE 40486","(Decimal('-41.561015'), Decimal('75.135008'))",AB+,['http://www.fernandez.com/'],knightmark,Michael Jackson,M,"70475 Brown Radial
New Kari, SD 63063",carterdonald@gmail.com,1931-04-25
31,Financial planner,Haas-Brooks,369-71-7014,"98450 Phillip Roads Apt. 636
Sancheztown, CO 59901","(Decimal('24.8957575'), Decimal('139.291539'))",B-,"['https://www.lee.org/', 'http://www.jacobs.com/']",tylerhamilton,Denise Wade,F,"001 Lisa Station Apt. 479
Karifort, WI 38487",lecharles@yahoo.com,1974-04-18
32,Retail manager,Evans-Delgado,247-71-3925,"USCGC Henderson
FPO AA 63669","(Decimal('-43.667934'), Decimal('-63.913759'))",AB+,"['https://mcgrath.com/', 'http://wells.info/']",bowmankristin,Amanda Alvarez,F,"351 Joshua Lodge Suite 649
Stephaniemouth, NV 11235",drakesteven@hotmail.com,2014-06-02
33,"Journalist, broadcasting","Hanson, Stewart and Santiago",131-11-8686,"38167 Ronald Well
Pattersonchester, KS 67281","(Decimal('-59.1763515'), Decimal('164.180047'))",AB+,"['http://scott.info/', 'https://www.ford.com/']",kpalmer,Paula Gonzalez,F,"36861 Webb Lakes Apt. 801
Bowenburgh, NC 47199",chelsea84@yahoo.com,1997-12-29
34,Systems developer,Curry LLC,573-74-5911,"16596 Johnson Square Apt. 190
Powellside, KS 41622","(Decimal('27.917115'), Decimal('35.114002'))",B+,"['http://www.griffin.biz/', 'http://www.martin.info/']",martha58,Jorge Burns,M,"PSC 2611, Box 3034
APO AA 10209",lejamie@yahoo.com,1908-04-13
35,Advertising art director,Myers-Brown,718-12-4271,"6584 Morris Meadows Apt. 823
North Kristine, MO 95027","(Decimal('39.0568875'), Decimal('169.363100'))",A-,"['http://www.taylor.com/', 'https://brown-robinson.org/']",garciakenneth,Stephanie Hall,F,"6321 Hebert Ridge
North Michelle, WA 55551",stacy02@gmail.com,1950-03-18
36,Occupational hygienist,Schroeder-Rodriguez,534-39-3416,"USNS Arias
FPO AE 58429","(Decimal('29.065332'), Decimal('-88.064337'))",O+,"['http://harrell.net/', 'http://www.figueroa.com/']",psmith,Mariah Davis,F,"Unit 1697 Box 1935
DPO AA 69994",briansimon@yahoo.com,1928-03-23
37,Proofreader,Patrick-Barrett,077-99-4974,"9151 Scott Camp Apt. 417
New Dustinmouth, MN 65629","(Decimal('-64.017313'), Decimal('28.829272'))",O-,"['http://newman.com/', 'https://jackson.com/']",othompson,Crystal Vargas,F,"0229 Smith Hollow Apt. 008
West Amberstad, WY 58092",tiffanysmith@yahoo.com,1965-10-28
38,Music tutor,"Rodriguez, Smith and Fuller",074-01-9446,"708 Anne Orchard
Port Christopher, NV 45100","(Decimal('-50.1711835'), Decimal('-61.781440'))",A-,"['http://www.cisneros.info/', 'https://anderson.net/']",todd36,Michael Clayton,M,"19416 Lori Mount
South Elizabeth, OR 85535",rachel07@hotmail.com,1934-05-29
39,Comptroller,Ryan-Dennis,884-57-5277,"202 Reed River Suite 686
Port Ericachester, AR 39065","(Decimal('60.1877045'), Decimal('-171.437458'))",B+,"['http://bailey-howard.net/', 'http://blackwell.com/', 'http://cain.com/']",adamskimberly,Daniel Keller III,M,"70364 Bryan Course Apt. 104
North Danielle, PA 51291",daniel50@yahoo.com,2017-10-12
40,Product manager,Hicks-Perkins,079-75-7206,"00632 Mitchell Forges Suite 050
New Katherine, SC 14255","(Decimal('-72.4042725'), Decimal('-160.080998'))",O-,"['https://www.hill.net/', 'https://davis.net/', 'https://smith.com/']",whitejon,Ray Benjamin,M,"4478 Jensen Burgs Suite 447
Torresburgh, WI 19643",brennanbrandon@hotmail.com,1941-06-17
41,Learning mentor,Grimes-Valentine,042-30-4347,"4076 Johnny Row
New Nicole, NV 04060","(Decimal('-64.719636'), Decimal('28.742949'))",O+,"['http://schaefer.com/', 'https://carpenter.com/', 'http://www.foley.com/']",petersonwilliam,Rebecca Martinez,F,"3538 Victor Crest Apt. 670
New Monicatown, ID 70247",dcosta@hotmail.com,2009-05-01
42,Microbiologist,Webster Group,848-49-2555,"0490 Mcconnell Creek
Michellestad, VA 15124","(Decimal('-75.742331'), Decimal('134.718594'))",O+,"['http://rodriguez.net/', 'https://www.edwards.biz/', 'http://www.ford.com/']",billycurry,Toni Woodward,F,"66457 Michael Forest
North Keithmouth, MA 20947",michaeljackson@yahoo.com,1980-06-10
43,Teaching laboratory technician,"Bonilla, Bishop and Carter",861-76-9047,"119 Luke Mills
Chloeburgh, MI 18703","(Decimal('4.195254'), Decimal('-108.930269'))",A+,"['http://williams-evans.biz/', 'https://lopez-rivera.com/']",qhess,Benjamin Oconnor,M,"5502 Copeland Courts Apt. 196
New Roberto, IN 31945",samanthahamilton@gmail.com,1930-07-18
44,Paramedic,Valenzuela-Beck,649-47-8837,"22106 Anderson Falls
West Daniel, KS 86930","(Decimal('9.2255355'), Decimal('63.989836'))",A-,"['http://frederick.com/', 'http://stone.com/', 'http://ruiz-johnson.com/']",teresa93,Brittany Bush DDS,F,"089 Robertson Mall Suite 602
South Thomasland, TN 13394",ovazquez@gmail.com,1913-10-19
45,"Clinical scientist, histocompatibility and immunogenetics",Harvey-Winters,662-59-5083,"99301 Robin Pike Suite 720
Deanmouth, MS 73778","(Decimal('-12.6370465'), Decimal('84.107680'))",O+,"['https://harvey.com/', 'http://smith-thompson.com/']",hollymahoney,Maria Armstrong,F,"383 Young Neck Suite 748
Gillespieburgh, CO 41217",yklein@gmail.com,1917-10-27
46,"Conservation officer, historic buildings","Jones, Chambers and Burns",467-67-0006,"07355 Matthew Land Apt. 288
Lake Tiffany, IA 09965","(Decimal('33.2355605'), Decimal('-43.382250'))",AB+,"['http://mason.net/', 'http://www.green.com/']",colonsandra,Andre Gamble,M,"807 Jefferson Brook
Smithbury, WV 88803",rebecca87@hotmail.com,1949-08-18
47,Higher education lecturer,Werner Inc,068-24-7830,"921 Foster Shore Apt. 123
East Kyle, RI 18971","(Decimal('-85.414304'), Decimal('-33.552750'))",AB+,"['http://www.thomas.com/', 'https://phillips.biz/', 'https://holmes-mcfarland.info/']",jonathantaylor,Matthew Daniel,M,"38022 Hensley Well Apt. 940
Johnsonton, IL 12723",patrick88@gmail.com,2020-01-15
48,Seismic interpreter,"Wells, Trujillo and Wilson",511-14-0527,"6691 Norris Locks
Phylliston, RI 07806","(Decimal('-18.4678505'), Decimal('111.656498'))",B-,"['https://wood-smith.com/', 'http://davis-hart.biz/', 'http://www.long-turner.com/', 'https://mason.org/']",turnerkelly,Ralph Armstrong,M,"4124 Katrina Springs
Thomasshire, TN 68868",jack37@hotmail.com,1955-10-23
49,Passenger transport manager,Martin Group,866-08-8856,"945 Day Prairie Suite 925
Deborahland, CO 83574","(Decimal('25.2651765'), Decimal('147.637952'))",O-,"['http://hunt-thomas.com/', 'https://barton.com/', 'http://www.adkins-gill.biz/', 'http://www.ayers.com/']",smiththomas,Jennifer Smith,F,"25736 Owen Ports
North Erik, NH 71929",smithkevin@hotmail.com,1959-09-24
